Question,Answer
"What is a car loan?","A car loan is your ticket to driving your dream car home today! It's a hassle-free financing solution that empowers you to hit the road in style. With flexible repayment options and competitive interest rates, our car loans make owning your dream car a reality."
"What factors influence the interest rate on a car loan?","Our car loan interest rates are tailored to fit your needs and budget. Factors such as your credit score, loan term, and the amount financed play a role in determining your rate. Rest assured, we'll work with you to find the best rate possible."
"How does the car loan application process work?","Applying for a car loan is quick and easy with us! Simply provide us with some basic information about your financial situation, credit history, and the vehicle you want to purchase. Our team will handle the rest, guiding you through the process every step of the way."
"What is the difference between a secured and unsecured car loan?","Our secured car loans offer peace of mind and security by using the vehicle itself as collateral. With lower interest rates and flexible terms, our secured loans are the smart choice for savvy buyers. Unsecured loans, on the other hand, offer convenience without the need for collateral, but may come with slightly higher rates."
"How does the repayment of a car loan work?","Repaying your car loan is a breeze with our flexible repayment options. Simply make regular, manageable installments, and watch as your dream car becomes a reality. Our loan terms are designed with your budget in mind, ensuring a stress-free repayment experience."
"What documents are typically required to apply for a car loan?","We've streamlined the car loan application process to make it as hassle-free as possible for you. Common documents required include proof of income, identification, insurance, and details about the vehicle. Our team will guide you through the process and ensure you have everything you need to get started."
"Can I refinance my car loan?","Absolutely! Refinancing your car loan with us opens up a world of possibilities. Enjoy lower interest rates, extended repayment terms, and potential savings that put more money back in your pocket. Let us help you find the perfect loan solution tailored to your needs."
"What is a down payment, and how does it affect a car loan?","A down payment is your key to unlocking the car of your dreams! By making a larger down payment, you can lower the amount borrowed and potentially qualify for better loan terms, including lower interest rates. Let us help you find the perfect down payment option that fits your budget."
"Are there any fees associated with taking out a car loan?","Our car loans come with transparent terms and no hidden fees. While some lenders may surprise you with unexpected charges, we believe in full transparency and will walk you through all associated costs upfront. No surprises, just peace of mind."
"What happens if I miss a car loan payment?","At our institution, we understand that life happens. If you miss a car loan payment, our team is here to help. We offer flexible repayment options and personalized assistance to ensure you stay on track and avoid any negative consequences. Your satisfaction and financial well-being are our top priorities."
"Is it possible to pay off a car loan early?","Absolutely! Paying off your car loan early is not only possible but highly encouraged. With our flexible repayment options, you can save money on interest and pay off your loan ahead of schedule. Let us help you achieve financial freedom faster."
"Can I include additional costs such as taxes and fees in my car loan?","Yes, we offer financing options that cover all your vehicle-related expenses, including taxes, registration fees, and extended warranties. With our comprehensive financing solutions, you can drive away worry-free, knowing that everything is taken care of."
"What is the difference between a fixed-rate and variable-rate car loan?","Our fixed-rate car loans offer stability and peace of mind with a constant interest rate throughout the loan term. Say goodbye to surprises and enjoy predictable monthly payments. Variable-rate loans, on the other hand, offer flexibility with fluctuating rates based on market conditions."
"What steps can I take to improve my chances of getting approved for a car loan?","We're here to help you secure the car loan you deserve. Take control of your financial future by improving your credit score, reducing existing debt, and saving for a larger down payment. With our expert guidance and personalized assistance, you'll be behind the wheel of your dream car in no time."
"Is it possible to transfer a car loan to someone else?","Transferring a car loan is a breeze with us! Whether you're looking to transfer your loan to a family member or friend, our team will guide you through the process and ensure a seamless transition. Let us help you explore your options and find the perfect solution for your needs."
"What are the advantages of getting pre-approved for a car loan?","Getting pre-approved for a car loan is your ticket to unlocking exclusive benefits and savings. Gain peace of mind knowing exactly how much you can afford, streamline the car buying process, and negotiate with confidence. Let us help you get pre-approved today!"
"What is the maximum loan term for a car loan?","Our car loans offer flexible terms to fit your budget and lifestyle. While the maximum loan term varies depending on your individual needs and the type of vehicle being financed, rest assured that we'll work with you to find the perfect solution tailored to your preferences."
"What is a cosigner, and when might I need one for a car loan?","A cosigner is your key to unlocking better loan terms and securing the financing you need. If you have limited credit history or a low credit score, a cosigner can help you qualify for a loan and secure more favorable terms. Let us help you explore your options and find the perfect cosigner for your needs."
"Can I negotiate the terms of a car loan?","Absolutely! Our team is here to help you negotiate the best possible terms for your car loan. From interest rates to loan terms, down payments, and fees, we'll work with you to find a solution that fits your budget and puts you behind the wheel of your dream car."
"What is gap insurance, and do I need it for my car loan?","Gap insurance offers peace of mind and financial protection in the event of an accident or theft. It covers the difference between the outstanding loan balance and the actual cash value of the vehicle, ensuring you're not left with unexpected expenses. Let us help you explore your options and find the perfect coverage for your needs."
"What is the difference between a dealership loan and a bank loan for a car?","While dealership loans offer convenience and accessibility, bank loans provide lower interest rates and more flexible terms. With our financing solutions, you can enjoy the best of both worlds – convenience and savings. Let us help you find the perfect loan option for your needs."
"Can I trade in my current vehicle as part of the car loan process?","Absolutely! Trading in your current vehicle is a smart way to save money and reduce the cost of your new car. Our team will assess the value of your trade-in and apply it towards the purchase price or down payment of your new vehicle. Let us help you get the most value for your trade-in today!"
"Are there any incentives or special offers available for car loans?","Yes, we offer a variety of incentives and special offers to help you save money on your car loan. From cash rebates to low-interest financing and exclusive discounts, we're committed to helping you get the best possible deal. Let us help you explore your options and find the perfect offer for your needs."
"What is a balloon payment, and how does it affect a car loan?","A balloon payment offers flexibility and convenience with lower monthly payments and a lump-sum payment due at the end of the loan term. It's a smart option for buyers looking to maximize their purchasing power and minimize monthly expenses. Let us help you explore your options and find the perfect solution for your needs."
"What should I do if I'm having trouble making my car loan payments?","If you're facing financial difficulties, we're here to help. Our team offers personalized assistance and flexible repayment options to help you stay on track and avoid default. Don't hesitate to reach out – we're here to support you every step of the way."
